{
  "gizmos-infos": {
    "is2D": false,
    "is3DIcon": false,
    "iconSize": 0,
    "gridVisible": true,
    "gridColor": [
      150,
      150,
      150,
      255
    ],
    "isIconGizmo3D": false,
    "iconGizmoSize": 0,
    "isGridVisible": true
  },
  "camera": {
    "fov": 45,
    "far": 10000,
    "near": 0.01,
    "color": [
      48,
      48,
      48,
      255
    ],
    "wheelSpeed": 0.01,
    "wanderSpeed": 10,
    "enableAcceleration": true,
    "far2D": 10000,
    "near2D": 1,
    "wheelSpeed2D": 6
  },
  "camera-infos": {
    "f46876e4-e81b-4931-b493-6d367be385e7": {
      "position": {
        "x": 50,
        "y": 50,
        "z": 50
      },
      "rotation": {
        "x": -0.27984814233312133,
        "y": 0.3647051996310009,
        "z": 0.11591689595929514,
        "w": 0.8804762392171493
      },
      "viewCenter": {
        "x": 0,
        "y": 0,
        "z": 0
      }
    },
    "9cc1b3ad-cdfb-4f32-9060-bc75f1e61b22": {
      "position": {
        "x": 1022.0249281075817,
        "y": 607.9127090736237,
        "z": 2146.232983843016
      },
      "rotation": {
        "x": 0,
        "y": 0,
        "z": 0,
        "w": 1
      },
      "viewCenter": {
        "x": 1022.0249281075817,
        "y": 607.9127090736237,
        "z": -450.497401816144
      }
    },
    "71cd62f0-b478-4981-9a18-99ae756a6d6a": {
      "position": {
        "x": 949.4822733260763,
        "y": 613.4452211703176,
        "z": 1099.7616854851244
      },
      "rotation": {
        "x": 0,
        "y": 0,
        "z": 0,
        "w": 1
      },
      "viewCenter": {
        "x": 949.4822733260763,
        "y": 613.4452211703176,
        "z": 250.50247588525895
      }
    },
    "b2ff2fc9-3cca-4e7b-9dff-35a968adcc99": {
      "position": {
        "x": 1103.6102307830922,
        "y": 439.02374114487486,
        "z": 1812.4808474720007
      },
      "rotation": {
        "x": -0.0018330126099220597,
        "y": 0.019708456292989215,
        "z": 0.00003613292776088852,
        "w": 0.9998040885642087
      },
      "viewCenter": {
        "x": 1032.0295908534463,
        "y": 432.3636740569674,
        "z": -2.4458613307501764
      }
    }
  },
  "camera-uuids": [
    "9cc1b3ad-cdfb-4f32-9060-bc75f1e61b22"
  ],
  "float-window": {
    "position": {
      "cc": {
        "Camera": {
          "dock": false,
          "top": null,
          "bottom": 10,
          "left": null,
          "right": 10
        },
        "ParticleSystem": {
          "dock": false,
          "top": null,
          "bottom": 10,
          "left": null,
          "right": 10
        }
      }
    }
  }
}
