{
  "gizmos-infos": {
    "is2D": false,
    "is3DIcon": false,
    "iconSize": 0,
    "gridVisible": true,
    "gridColor": [
      150,
      150,
      150,
      255
    ],
    "isIconGizmo3D": false,
    "iconGizmoSize": 0,
    "isGridVisible": true
  },
  "camera": {
    "fov": 45,
    "far": 10000,
    "near": 0.01,
    "color": [
      48,
      48,
      48,
      255
    ],
    "wheelSpeed": 0.01,
    "wanderSpeed": 10,
    "enableAcceleration": true,
    "far2D": 10000,
    "near2D": 1,
    "wheelSpeed2D": 6
  },
  "camera-infos": {
    "f46876e4-e81b-4931-b493-6d367be385e7": {
      "position": {
        "x": 50,
        "y": 50,
        "z": 50
      },
      "rotation": {
        "x": -0.27984814233312133,
        "y": 0.3647051996310009,
        "z": 0.11591689595929514,
        "w": 0.8804762392171493
      },
      "viewCenter": {
        "x": 0,
        "y": 0,
        "z": 0
      }
    },
    "9cc1b3ad-cdfb-4f32-9060-bc75f1e61b22": {
      "position": {
        "x": 904.4869066976894,
        "y": 715.6837187668407,
        "z": 2262.674518759223
      },
      "rotation": {
        "x": 0,
        "y": 0,
        "z": 0,
        "w": 1
      },
      "viewCenter": {
        "x": 904.4869066976894,
        "y": 715.6837187668407,
        "z": 0
      }
    },
    "71cd62f0-b478-4981-9a18-99ae756a6d6a": {
      "position": {
        "x": 949.4822733260763,
        "y": 613.4452211703176,
        "z": 2145.0043346860552
      },
      "rotation": {
        "x": 0,
        "y": 0,
        "z": 0,
        "w": 1
      },
      "viewCenter": {
        "x": 949.4822733260763,
        "y": 613.4452211703176,
        "z": 250.50247588525895
      }
    },
    "b2ff2fc9-3cca-4e7b-9dff-35a968adcc99": {
      "position": {
        "x": 994.3109045634891,
        "y": 543.1923622706978,
        "z": 885.7148025512261
      },
      "rotation": {
        "x": -0.0018004298625984413,
        "y": 0.019358128287575032,
        "z": 0.00003549064627906847,
        "w": 0.999810992168972
      },
      "viewCenter": {
        "x": 960.0000000000001,
        "y": 540,
        "z": 0
      }
    }
  },
  "camera-uuids": [
    "9cc1b3ad-cdfb-4f32-9060-bc75f1e61b22"
  ],
  "float-window": {
    "position": {
      "cc": {
        "Camera": {
          "dock": false,
          "top": null,
          "bottom": 10,
          "left": null,
          "right": 10
        },
        "ParticleSystem": {
          "dock": false,
          "top": null,
          "bottom": 10,
          "left": null,
          "right": 10
        }
      }
    }
  }
}
